sample,cpu_in_use,active_workers
0,0,0
1,11,1
2,11,1
3,46,2
4,46,2
5,81,3
6,81,3
7,88,4
8,88,4
9,96,5
10,96,5
11,96,5
12,96,5
13,96,5
14,96,5
15,96,5
16,96,5
17,96,5
18,96,5
19,96,5
20,96,5
21,96,5
22,90,5
23,90,5
24,90,5
25,98,5
26,98,5
27,98,5
28,98,5
29,90,6
30,90,6
31,90,6
32,90,6
33,90,6
34,90,6
35,90,6
36,90,6
37,90,6
38,90,6
39,90,6
40,90,6
41,90,6
42,90,6
43,90,6
44,96,6
45,96,6
46,87,6
47,66,4
48,66,4
49,66,4
50,99,5
51,99,5
52,99,5
53,99,5
54,99,5
55,99,5
56,99,5
57,99,5
58,99,5
59,99,5
60,99,5
61,99,5
62,99,5
63,99,5
64,95,4
65,95,4
66,95,4
67,95,4
68,95,4
69,95,4
70,72,4
71,95,4
72,95,4
73,95,4
74,94,6
75,94,6
76,94,6
77,94,6
78,94,6
79,94,6
80,94,6
81,94,6
82,94,6
83,94,6
84,96,6
85,96,6
86,96,6
87,96,6
88,96,6
89,96,6
90,82,8
91,82,8
92,82,8
93,84,8
94,72,7
95,72,7
96,72,7
97,72,7
98,72,7
99,72,7
100,72,7
101,72,7
102,100,8
103,100,8
104,100,8
105,100,8
106,100,8
107,100,8
108,100,8
109,85,6
110,72,5
111,89,4
112,78,3
113,78,3
114,78,3
115,78,3
116,78,3
117,78,3
118,78,3
119,78,3
120,78,3
121,78,3
122,78,3
123,78,3
124,89,4
125,89,4
126,89,4
127,89,4
128,89,4
129,89,4
130,79,5
131,79,5
132,79,5
133,79,5
134,79,5
135,79,5
136,79,5
137,79,5
138,79,5
139,79,5
140,79,5
141,79,5
142,69,4
143,100,5
144,100,5
145,100,5
146,100,5
147,100,5
148,100,5
149,100,6
150,100,6
151,96,6
152,96,6
153,96,6
154,96,6
155,96,6
156,96,6
157,96,6
158,96,6
159,96,6
160,96,6
161,96,6
162,76,6
163,76,6
164,76,6
165,76,6
166,76,6
167,76,6
168,68,5
169,97,7
170,97,7
171,97,7
172,97,7
173,97,7
174,97,7
175,97,7
176,97,7
177,97,7
178,97,7
179,97,7
180,97,7
181,90,6
182,77,5
183,77,5
184,77,5
185,77,5
186,77,5
187,82,5
188,68,4
189,68,4
190,88,4
191,88,4
192,88,4
193,88,4
194,88,4
195,88,4
196,88,4
197,88,4
198,88,4
199,88,4
200,88,4
201,88,4
202,88,4
203,88,4
204,88,4
205,96,4
206,91,6
207,91,6
208,100,7
209,100,7
210,100,7
211,100,7
212,100,7
213,100,7
214,100,7
215,100,7
216,100,7
217,100,7
218,100,7
219,100,7
220,100,7
221,100,7
222,100,7
223,100,7
224,96,7
225,90,6
226,66,4
227,93,4
228,96,4
229,96,4
230,96,4
231,96,4
232,96,4
233,96,4
234,96,4
235,96,4
236,96,4
237,96,4
238,96,4
239,96,4
240,96,4
241,96,4
242,96,4
243,96,4
244,85,3
245,85,3
246,85,3
247,85,3
248,70,2
249,70,2
250,70,2
251,78,3
252,78,3
253,78,3
254,78,3
255,78,3
256,78,3
257,78,3
258,78,3
259,78,3
260,78,3
261,78,3
262,78,3
263,78,3
264,78,3
265,78,3
266,78,3
267,78,3
268,78,3
269,70,2
270,70,2
271,70,2
272,70,2
273,70,2
274,70,2
275,70,2
276,70,2
277,70,2
278,70,2
279,70,2
280,70,2
281,70,2
282,70,2
283,70,2
284,95,5
285,95,5
286,95,5
287,95,5
288,95,5
289,95,5
290,95,5
291,93,7
292,93,7
293,93,7
294,93,7
295,93,7
296,93,7
297,93,7
298,93,7
299,93,7
300,93,7
301,93,7
302,100,7
303,89,6
304,89,6
305,97,6
306,97,6
307,97,6
308,97,6
309,93,6
310,94,8
311,98,8
312,98,8
313,98,8
314,98,8
315,98,8
316,98,8
317,98,8
318,98,8
319,98,8
320,98,8
321,98,8
322,96,8
323,96,8
324,96,8
325,96,8
326,82,7
327,67,6
328,90,5
329,90,5
330,76,4
331,76,4
332,76,4
333,76,4
334,76,4
335,76,4
336,76,4
337,76,4
338,76,4
339,76,4
340,76,4
341,76,4
342,76,4
343,98,4
344,98,4
345,98,4
346,98,4
347,98,4
348,99,5
349,99,5
350,97,6
351,97,6
352,97,6
353,93,8
354,93,8
355,93,8
356,93,8
357,93,8
358,93,8
359,93,8
360,93,8
361,93,8
362,93,8
363,93,8
364,93,8
365,93,8
366,86,7
367,79,6
368,79,6
369,79,6
370,79,6
371,66,4
372,90,4
373,97,5
374,93,5
375,93,5
376,93,5
377,93,5
378,93,5
379,93,5
380,93,5
381,93,5
382,93,5
383,93,5
384,93,5
385,93,5
386,93,5
387,93,5
388,93,5
389,93,5
390,93,5
391,90,5
392,84,4
393,93,5
394,98,4
395,98,5
396,98,5
397,98,5
398,98,5
399,98,5
400,98,5
401,98,5
402,98,5
403,98,5
404,98,5
405,98,5
406,98,5
407,98,5
408,98,5
409,98,5
410,98,5
411,71,5
412,94,5
413,94,5
414,94,5
415,85,4
416,85,4
417,85,4
418,85,4
419,85,4
420,85,4
421,85,4
422,85,4
423,85,4
424,85,4
425,85,4
426,85,4
427,85,4
428,85,4
429,85,4
430,85,4
431,85,4
432,78,3
433,70,2
434,98,5
435,98,5
436,98,5
437,98,5
438,98,5
439,98,5
440,98,5
441,98,5
442,98,5
443,78,6
444,78,6
445,78,6
446,78,6
447,78,6
448,78,6
449,78,6
450,78,6
451,78,6
452,99,6
453,99,6
454,95,6
455,90,5
456,90,5
457,90,5
458,90,5
459,97,8
460,97,8
461,97,8
462,82,6
463,82,6
464,82,6
465,82,6
466,82,6
467,82,6
468,82,6
469,82,6
470,82,6
471,82,6
472,82,6
473,82,6
474,77,5
475,77,5
476,77,5
477,100,5
478,90,4
479,80,3
480,80,3
481,80,3
482,80,3
483,80,3
484,80,3
485,80,3
486,80,3
487,80,3
488,80,3
489,80,3
490,80,3
491,80,3
492,80,3
493,80,3
494,80,3
495,80,3
496,80,3
497,80,3
498,70,2
499,70,2
500,70,2
501,70,2
502,70,2
503,70,2
504,70,2
505,70,2
506,70,2
507,70,2
508,70,2
509,70,2
510,70,2
511,70,2
512,70,2
513,70,2
514,70,2
515,70,2
516,70,2
517,70,2
518,70,2
519,70,2
520,70,2
521,100,5
522,100,5
523,100,5
524,100,5
525,100,5
526,100,5
527,100,5
528,100,5
529,100,5
530,100,5
531,100,5
532,100,5
533,100,5
534,100,5
535,94,7
536,94,7
537,94,7
538,94,7
539,94,7
540,73,5
541,73,5
542,99,5
543,99,5
544,99,5
545,99,5
546,99,5
547,99,5
548,99,5
549,99,5
550,99,5
551,99,5
552,99,5
553,83,3
554,70,2
555,70,2
556,70,2
557,70,2
558,70,2
559,70,2
560,93,5
561,93,5
562,93,5
563,96,8
564,96,8
565,96,8
566,96,8
567,96,8
568,96,8
569,96,8
570,96,8
571,96,8
572,96,8
573,96,8
574,96,8
575,96,8
576,96,8
577,96,8
578,88,7
579,93,7
580,73,7
581,66,6
582,94,6
583,75,4
584,98,4
585,98,4
586,98,4
587,98,4
588,98,4
589,98,4
590,98,4
591,98,4
592,98,4
593,98,4
594,98,4
595,98,4
596,98,4
597,98,4
598,98,4
599,98,4
600,70,2
601,70,2
602,70,2
603,70,2
604,70,2
605,70,2
606,75,3
607,75,3
608,75,3
609,75,3
610,75,3
611,75,3
612,75,3
613,75,3
614,75,3
615,75,3
616,75,3
617,75,3
618,75,3
619,75,3
620,75,3
621,75,3
622,75,3
623,75,3
624,75,3
625,69,5
626,69,5
627,69,5
628,69,5
629,69,5
630,69,5
631,69,5
632,69,5
633,69,5
634,69,5
635,69,5
636,69,5
637,69,5
638,69,5
639,69,5
640,69,5
641,69,5
642,69,5
643,100,5
644,91,4
645,91,4
646,84,3
647,84,3
648,84,3
649,99,4
650,99,4
651,99,4
652,99,4
653,99,4
654,99,4
655,99,4
656,99,4
657,99,4
658,99,4
659,99,4
660,99,4
661,99,4
662,99,4
663,98,6
664,90,6
665,90,6
666,90,6
667,90,6
668,90,6
669,67,6
670,100,7
671,100,7
672,100,7
673,100,7
674,100,7
675,100,7
676,100,7
677,100,7
678,100,7
679,100,7
680,100,7
681,92,6
682,91,6
683,79,5
684,73,4
685,73,4
686,73,4
687,73,4
688,95,4
689,95,4
690,83,3
691,83,3
692,83,3
693,91,4
694,91,4
695,91,4
696,91,4
697,91,4
698,91,4
699,88,4
700,88,4
701,88,4
702,88,4
703,88,4
704,88,4
705,88,4
706,88,4
707,88,4
708,88,4
709,88,4
710,88,4
711,88,4
712,88,4
713,88,4
714,94,4
715,94,4
716,94,4
717,94,4
718,94,4
719,94,4
720,94,4
721,94,4
722,94,4
723,94,4
724,94,4
725,94,4
726,94,4
727,94,4
728,94,4
729,94,4
730,94,4
731,79,5
732,79,5
733,79,5
734,100,5
735,100,5
736,100,5
737,100,5
738,100,5
739,100,5
740,100,5
741,100,5
742,100,5
743,100,5
744,100,5
745,100,5
746,100,5
747,100,5
748,100,5
749,100,5
750,100,5
751,100,5
752,100,5
753,85,7
754,85,7
755,96,8
756,96,8
757,96,8
758,96,8
759,96,8
760,98,8
761,98,8
762,98,8
763,98,8
764,98,8
765,98,8
766,98,8
767,98,8
768,98,8
769,98,8
770,100,8
771,100,8
772,100,8
773,99,8
774,89,6
775,89,6
776,78,5
777,78,5
778,78,5
779,78,5
780,78,5
781,66,4
782,66,4
783,66,4
784,66,4
785,66,4
786,66,4
787,66,4
788,66,4
789,66,4
790,89,4
791,89,4
792,89,4
793,89,4
794,99,4
795,99,4
796,97,5
797,97,5
798,97,5
799,97,5
800,97,5
801,97,5
802,97,5
803,97,5
804,97,5
805,97,5
806,97,5
807,97,5
808,97,5
809,97,5
810,87,6
811,87,6
812,87,6
813,86,6
814,74,4
815,74,4
816,74,4
817,74,4
818,74,4
819,74,4
820,74,4
821,74,4
822,98,6
823,98,6
824,98,6
825,98,6
826,98,6
827,98,6
828,98,6
829,88,5
830,88,5
831,73,4
832,73,4
833,94,4
834,94,4
835,94,4
836,94,4
837,94,4
838,94,4
839,94,4
840,94,4
841,94,4
842,70,4
843,70,4
844,70,4
845,70,4
846,70,4
847,70,4
848,70,4
849,70,4
850,70,4
851,70,4
852,76,5
853,76,5
854,76,5
855,76,5
856,76,5
857,76,5
858,76,5
859,76,5
860,99,5
861,98,5
862,83,4
863,83,4
864,83,4
865,83,4
866,83,4
867,83,4
868,83,4
869,83,4
870,83,4
871,83,4
872,77,3
873,77,3
874,77,3
875,77,3
876,77,3
877,77,3
878,77,3
879,77,3
880,70,2
881,70,2
882,70,2
883,70,2
884,88,4
885,88,4
886,88,4
887,88,4
888,88,4
889,88,4
890,88,4
891,88,4
892,88,4
893,88,4
894,88,4
895,91,6
896,91,6
897,91,6
898,91,6
899,91,6
900,91,6
901,91,6
902,91,6
903,96,6
904,96,6
905,94,6
906,94,6
907,94,6
908,94,6
909,94,6
910,94,6
911,94,6
912,94,6
913,80,5
914,70,4
915,91,4
916,91,4
917,91,4
918,91,4
919,91,4
920,91,4
921,91,4
922,92,4
923,92,4
924,96,4
925,96,4
926,96,4
927,96,4
928,96,4
929,96,4
930,96,4
931,96,4
932,96,4
933,96,4
934,96,4
935,96,4
936,96,4
937,96,4
938,96,4
939,96,4
940,78,8
941,78,8
942,72,8
943,65,8
944,65,8
945,65,8
946,65,8
947,65,8
948,65,8
949,65,8
950,65,8
951,65,8
952,65,8
953,65,8
954,65,8
955,65,8
956,65,8
957,65,8
958,93,8
959,90,8
960,89,8
961,81,7
962,76,6
963,68,5
964,68,5
965,68,5
966,68,5
967,68,5
968,68,5
969,68,5
970,68,5
971,68,5
972,68,5
973,68,5
974,68,5
975,68,5
976,68,5
977,85,4
978,80,3
979,80,3
980,80,3
981,80,3
982,89,4
983,89,4
984,89,4
985,89,4
986,89,4
987,89,4
988,89,4
989,89,4
990,89,4
991,89,4
992,89,4
993,89,4
994,89,4
995,100,5
996,100,5
997,100,5
998,100,5
999,100,5
1000,100,5
1001,100,5
1002,100,5
1003,99,5
1004,92,4
1005,92,4
1006,92,4
1007,92,4
1008,92,4
1009,92,4
1010,92,4
1011,92,4
1012,92,4
1013,92,4
1014,81,3
1015,81,3
1016,81,3
1017,81,3
1018,81,3
1019,81,3
1020,81,3
1021,81,3
1022,91,4
1023,91,4
1024,91,4
1025,93,4
1026,93,4
1027,93,4
1028,93,4
1029,93,4
1030,93,4
1031,93,4
1032,93,4
1033,93,4
1034,93,4
1035,93,4
1036,93,3
1037,89,6
1038,89,6
1039,89,6
1040,89,6
1041,89,6
1042,89,6
1043,89,6
1044,91,6
1045,88,6
1046,88,6
1047,88,6
1048,88,6
1049,88,6
1050,88,6
1051,88,6
1052,88,6
1053,88,6
1054,88,6
1055,88,6
1056,88,6
1057,92,4
1058,92,4
1059,92,4
1060,92,4
1061,80,3
1062,80,3
1063,70,2
1064,70,2
1065,70,2
1066,70,2
1067,70,2
1068,70,2
1069,70,2
1070,70,2
1071,70,2
1072,70,2
1073,70,2
1074,70,2
1075,70,2
1076,70,2
1077,70,2
1078,70,2
1079,70,2
1080,70,2
1081,100,5
1082,100,5
1083,100,5
1084,100,5
1085,100,5
1086,100,5
1087,100,5
1088,100,5
1089,100,5
1090,100,5
1091,100,5
1092,100,5
1093,100,5
1094,100,5
1095,100,5
1096,100,5
1097,100,5
1098,100,5
1099,94,5
1100,94,5
1101,94,5
1102,100,5
1103,87,4
1104,87,4
1105,87,4
1106,87,4
1107,87,4
1108,87,4
1109,81,5
1110,81,5
1111,81,5
1112,81,5
1113,81,5
1114,81,5
1115,81,5
1116,81,5
1117,81,5
1118,81,5
1119,81,5
1120,75,4
1121,99,4
1122,79,4
1123,79,4
1124,79,4
1125,79,4
1126,79,4
1127,85,3
1128,85,3
1129,85,3
1130,85,3
1131,85,3
1132,85,3
1133,85,3
1134,85,3
1135,85,3
1136,85,3
1137,85,3
1138,85,3
1139,85,3
1140,85,3
1141,85,3
1142,85,3
1143,90,4
1144,90,4
1145,90,4
1146,90,4
1147,90,4
1148,90,4
1149,90,4
1150,90,4
1151,90,4
1152,90,4
1153,90,4
1154,90,4
1155,90,4
1156,90,4
1157,90,4
1158,90,4
1159,90,4
1160,90,4
1161,90,4
1162,90,4
1163,92,4
1164,81,3
1165,81,3
1166,91,4
1167,91,4
1168,91,4
1169,91,4
1170,91,4
1171,91,4
1172,91,4
1173,91,4
1174,91,4
1175,91,4
1176,91,4
1177,83,5
1178,83,5
1179,83,5
1180,83,5
1181,72,4
1182,72,4
1183,72,4
1184,72,4
1185,72,4
1186,72,4
1187,72,4
1188,97,4
1189,97,4
1190,97,4
1191,97,4
1192,97,4
1193,97,4
1194,97,4
1195,97,4
1196,82,3
1197,82,3
1198,82,3
1199,82,3
1200,82,3
1201,82,3
1202,82,3
1203,82,3
1204,82,3
1205,82,3
1206,82,3
1207,82,3
1208,82,3
1209,82,3
1210,92,4
1211,92,4
1212,92,4
1213,92,4
1214,92,4
1215,92,4
1216,95,4
1217,95,4
1218,95,4
1219,95,4
1220,95,4
1221,95,4
1222,95,4
1223,95,4
1224,95,4
1225,95,4
1226,95,4
1227,95,4
1228,95,4
1229,95,4
1230,95,4
1231,95,4
1232,94,4
1233,74,4
1234,99,5
1235,99,5
1236,99,5
1237,99,5
1238,99,5
1239,99,5
1240,99,5
1241,99,5
1242,99,5
1243,99,5
1244,99,5
1245,99,5
1246,99,5
1247,99,5
1248,99,5
1249,99,5
1250,99,5
1251,96,5
1252,96,5
1253,87,4
1254,90,6
1255,95,8
1256,95,8
1257,95,8
1258,95,8
1259,95,8
1260,95,8
1261,95,8
1262,95,8
1263,95,8
1264,95,8
1265,95,8
1266,95,8
1267,95,8
1268,95,8
1269,95,8
1270,95,8
1271,88,8
1272,90,8
1273,90,8
1274,88,8
1275,82,7
1276,93,6
1277,93,6
1278,93,6
1279,93,6
1280,93,6
1281,93,6
1282,93,6
1283,93,6
1284,93,6
1285,93,6
1286,93,6
1287,93,6
1288,93,6
1289,93,6
1290,82,5
1291,82,5
1292,90,4
1293,85,3
1294,70,2
1295,70,2
1296,70,2
1297,89,5
1298,89,5
1299,89,5
1300,89,5
1301,89,5
1302,89,5
1303,89,5
1304,89,5
1305,89,5
1306,89,5
1307,89,5
1308,89,5
1309,89,5
1310,89,5
1311,89,5
1312,89,5
1313,72,6
1314,72,6
1315,66,5
1316,66,5
1317,66,5
1318,93,5
1319,97,5
1320,97,5
1321,97,5
1322,97,5
1323,76,5
1324,76,5
1325,76,5
1326,76,5
1327,76,5
1328,76,5
1329,76,5
1330,76,5
1331,76,5
1332,99,5
1333,99,5
1334,93,4
1335,93,4
1336,93,4
1337,93,4
1338,93,4
1339,93,4
1340,93,4
1341,93,4
1342,93,4
1343,89,4
1344,82,5
1345,82,5
1346,82,5
1347,82,5
1348,82,5
1349,82,5
1350,82,5
1351,82,5
1352,82,5
1353,82,5
1354,82,5
1355,82,5
1356,98,7
1357,98,7
1358,98,7
1359,98,7
1360,89,6
1361,89,6
1362,89,6
1363,78,5
1364,98,5
1365,98,5
1366,98,5
1367,98,5
1368,98,5
1369,98,5
1370,98,5
1371,98,5
1372,98,5
1373,98,5
1374,98,5
1375,98,5
1376,86,7
1377,76,6
1378,70,5
1379,70,5
1380,70,5
1381,70,5
1382,70,5
1383,81,6
1384,81,6
1385,81,6
1386,81,6
1387,81,6
1388,81,6
1389,81,6
1390,81,6
1391,81,6
1392,81,6
1393,81,6
1394,76,5
1395,68,4
1396,68,4
1397,93,4
1398,93,4
1399,93,4
1400,93,4
1401,81,3
1402,81,3
1403,81,3
1404,70,2
1405,70,2
1406,70,2
1407,79,3
1408,79,3
1409,79,3
1410,79,3
1411,79,3
1412,79,3
1413,79,3
1414,79,3
1415,79,3
1416,79,3
1417,79,3
1418,79,3
1419,79,3
1420,79,3
1421,79,3
1422,79,3
1423,79,3
1424,79,3
1425,79,3
1426,70,2
1427,70,2
1428,70,2
1429,70,2
1430,88,4
1431,88,4
1432,88,4
1433,88,4
1434,88,4
1435,88,4
1436,88,4
1437,88,4
1438,88,4
1439,88,4
1440,88,4
1441,88,4
1442,88,4
1443,88,4
1444,88,4
1445,88,4
1446,88,4
1447,88,4
1448,96,4
1449,96,4
1450,96,4
1451,96,4
1452,93,4
1453,93,4
1454,93,4
1455,93,4
1456,96,7
1457,96,7
1458,96,7
1459,96,7
1460,96,7
1461,96,7
1462,96,7
1463,96,7
1464,96,7
1465,96,7
1466,96,7
1467,95,8
1468,95,8
1469,95,8
1470,95,8
1471,95,8
1472,95,8
1473,95,8
1474,95,8
1475,95,8
1476,69,5
1477,69,5
1478,69,5
1479,69,5
1480,69,5
1481,69,5
1482,77,6
1483,77,6
1484,77,6
1485,70,5
1486,70,5
1487,100,5
1488,100,5
1489,100,5
1490,100,5
1491,100,5
1492,90,4
1493,90,4
1494,90,4
1495,78,3
1496,78,3
1497,78,3
1498,78,3
1499,78,3
1500,70,2
1501,70,2
1502,70,2
1503,70,2
1504,88,4
1505,88,4
1506,88,4
1507,66,4
1508,66,4
1509,66,4
1510,66,4
1511,66,4
1512,66,4
1513,66,4
1514,66,4
1515,66,4
1516,66,4
1517,66,4
1518,66,4
1519,66,4
1520,66,4
1521,66,4
1522,66,4
1523,89,4
1524,98,4
1525,93,6
1526,93,6
1527,93,6
1528,93,6
1529,93,6
1530,93,6
1531,93,6
1532,93,6
1533,93,6
1534,93,6
1535,93,6
1536,93,6
1537,93,6
1538,93,6
1539,93,6
1540,93,6
1541,93,6
1542,93,6
1543,93,6
1544,68,4
1545,99,5
1546,75,3
1547,86,4
1548,86,4
1549,86,4
1550,86,4
1551,86,4
1552,86,4
1553,86,4
1554,86,4
1555,86,4
1556,86,4
1557,86,4
1558,86,4
1559,86,4
1560,86,4
1561,86,4
1562,86,4
1563,86,4
1564,86,4
1565,86,4
1566,95,4
1567,95,4
1568,99,4
1569,99,4
1570,99,4
1571,99,4
1572,99,4
1573,75,4
1574,75,4
1575,75,4
1576,75,4
1577,75,4
1578,75,4
1579,75,4
1580,75,4
1581,75,4
1582,75,4
1583,75,4
1584,96,4
1585,96,4
1586,96,4
1587,96,4
1588,96,4
1589,81,3
1590,81,3
1591,81,3
1592,81,3
1593,70,2
1594,70,2
1595,70,2
1596,70,2
1597,70,2
1598,70,2
1599,70,2
1600,70,2
1601,70,2
1602,70,2
1603,70,2
1604,100,5
1605,100,5
1606,100,5
1607,100,5
1608,100,5
1609,100,5
1610,100,5
1611,100,5
1612,100,5
1613,100,5
1614,100,5
1615,100,5
1616,100,5
1617,100,5
1618,100,5
1619,100,5
1620,100,5
1621,100,5
1622,100,5
1623,90,4
1624,80,3
1625,82,5
1626,82,5
1627,82,5
1628,82,5
1629,82,5
1630,82,5
1631,82,5
1632,82,5
1633,82,5
1634,82,5
1635,82,5
1636,82,5
1637,82,5
1638,82,5
1639,82,5
1640,82,5
1641,82,5
1642,82,5
1643,90,6
1644,77,5
1645,97,5
1646,97,5
1647,97,5
1648,97,5
1649,97,5
1650,97,5
1651,97,5
1652,97,5
1653,97,5
1654,97,5
1655,97,5
1656,97,5
1657,97,5
1658,97,5
1659,97,5
1660,97,5
1661,89,4
1662,89,4
1663,89,4
1664,73,5
1665,68,4
1666,68,4
1667,94,6
1668,94,6
1669,94,6
1670,94,6
1671,94,6
1672,94,6
1673,94,6
1674,94,6
1675,94,6
1676,94,6
1677,94,6
1678,94,6
1679,94,6
1680,94,6
1681,94,6
1682,94,6
1683,94,6
1684,96,6
1685,96,7
1686,95,7
1687,95,7
1688,92,8
1689,92,8
1690,92,8
1691,92,8
1692,92,8
1693,92,8
1694,92,8
1695,92,8
1696,92,8
1697,92,8
1698,92,8
1699,92,8
1700,92,8
1701,92,8
1702,92,8
1703,87,8
1704,66,8
1705,95,8
1706,90,8
1707,90,8
1708,88,7
1709,88,7
1710,88,7
1711,88,7
1712,88,7
1713,88,7
1714,88,7
1715,88,7
1716,88,7
1717,88,7
1718,88,7
1719,88,7
1720,88,7
1721,88,7
1722,75,5
1723,66,4
1724,96,4
1725,96,4
1726,73,5
1727,95,5
1728,95,5
1729,95,5
1730,95,5
1731,95,5
1732,95,5
1733,95,5
1734,95,5
1735,95,5
1736,95,5
1737,95,5
1738,95,5
1739,95,5
1740,95,5
1741,95,5
1742,95,5
1743,81,6
1744,81,6
1745,68,5
1746,97,5
1747,97,5
1748,91,4
1749,91,6
1750,91,6
1751,91,6
1752,91,6
1753,91,6
1754,91,6
1755,91,6
1756,91,6
1757,91,6
1758,91,6
1759,91,6
1760,91,6
1761,79,5
1762,70,4
1763,70,4
1764,70,4
1765,70,4
1766,70,4
1767,95,5
1768,93,5
1769,93,5
1770,97,5
1771,97,5
1772,97,5
1773,97,5
1774,97,5
1775,97,5
1776,97,5
1777,97,5
1778,97,5
1779,97,5
1780,97,5
1781,97,5
1782,97,5
1783,97,5
1784,97,5
1785,97,5
1786,97,5
1787,97,5
1788,85,3
1789,85,3
1790,70,2
1791,77,3
1792,77,3
1793,77,3
1794,89,4
1795,89,4
1796,89,4
1797,89,4
1798,89,4
1799,89,4
1800,89,4
1801,89,4
1802,89,4
1803,89,4
1804,89,4
1805,89,4
1806,89,4
1807,89,4
1808,89,4
1809,89,4
1810,88,6
1811,88,6
1812,81,5
1813,81,5
1814,81,5
1815,69,4
1816,69,4
1817,69,4
1818,69,4
1819,69,4
1820,69,4
1821,69,4
1822,69,4
1823,69,4
1824,69,4
1825,69,4
1826,69,4
1827,69,4
1828,69,4
1829,90,4
1830,90,4
1831,90,4
1832,90,4
1833,90,4
1834,90,4
1835,90,4
1836,90,4
1837,90,4
1838,90,4
1839,90,4
1840,90,4
1841,90,4
1842,90,4
1843,90,4
1844,90,4
1845,90,4
1846,90,4
1847,90,4
1848,90,4
1849,98,4
1850,98,4
1851,95,4
1852,95,4
1853,77,5
1854,77,5
1855,77,5
1856,98,7
1857,98,7
1858,98,7
1859,98,7
1860,98,7
1861,98,7
1862,98,7
1863,98,7
1864,98,7
1865,98,7
1866,98,7
1867,98,7
1868,98,7
1869,97,7
1870,86,6
1871,86,6
1872,100,7
1873,100,7
1874,99,7
1875,86,8
1876,86,8
1877,86,8
1878,86,8
1879,86,8
1880,86,8
1881,86,8
1882,86,8
1883,86,8
1884,86,8
1885,86,8
1886,86,8
1887,82,8
1888,82,8
1889,82,8
1890,82,8
1891,76,7
1892,76,7
1893,96,7
1894,95,7
1895,90,7
1896,97,7
1897,97,7
1898,97,7
1899,97,7
1900,97,7
1901,97,7
1902,97,7
1903,97,7
1904,97,7
1905,97,7
1906,97,7
1907,97,7
1908,94,7
1909,94,7
1910,94,7
1911,77,8
1912,77,8
1913,69,7
1914,69,7
1915,90,7
1916,79,6
1917,70,5
1918,70,5
1919,70,5
1920,70,5
1921,70,5
1922,70,5
1923,70,5
1924,70,5
1925,70,5
1926,70,5
1927,70,5
1928,70,5
1929,99,5
1930,86,4
1931,86,4
1932,81,3
1933,81,3
1934,81,3
1935,70,2
1936,70,2
1937,70,2
1938,70,2
1939,70,2
1940,70,2
1941,70,2
1942,70,2
1943,70,2
1944,70,2
1945,70,2
1946,70,2
1947,70,2
1948,70,2
1949,70,2
1950,70,2
1951,70,2
1952,70,2
1953,85,4
1954,85,4
1955,85,4
1956,85,4
1957,93,5
1958,93,5
1959,93,5
1960,93,5
1961,93,5
1962,93,5
1963,93,5
1964,93,5
1965,93,5
1966,93,5
1967,93,5
1968,93,5
1969,93,5
1970,93,5
1971,93,5
1972,87,4
1973,78,3
1974,78,3
1975,78,3
1976,78,3
1977,78,3
1978,94,4
1979,94,4
1980,94,4
1981,94,4
1982,94,4
1983,94,4
1984,94,4
1985,94,4
1986,94,4
1987,94,4
1988,94,4
1989,94,4
1990,94,4
1991,94,4
1992,94,4
1993,94,4
1994,94,4
1995,94,4
1996,94,4
1997,81,3
1998,70,2
1999,70,2
2000,70,2
2001,88,4
2002,88,4
2003,88,4
2004,100,7
2005,100,7
2006,100,7
2007,100,7
2008,100,7
2009,100,7
2010,100,7
2011,100,7
2012,100,7
2013,100,7
2014,100,7
2015,100,7
2016,100,7
2017,100,7
2018,100,7
2019,100,7
2020,100,7
2021,95,6
2022,95,6
2023,82,5
2024,97,4
2025,97,4
2026,97,4
2027,97,4
2028,97,4
2029,97,4
2030,97,4
2031,97,4
2032,97,4
2033,97,4
2034,97,4
2035,97,4
2036,97,4
2037,97,4
2038,97,4
2039,77,4
2040,77,4
2041,77,4
2042,77,4
2043,95,6
2044,95,6
2045,92,6
2046,92,6
2047,92,6
2048,92,6
2049,92,6
2050,92,6
2051,92,6
2052,92,6
2053,92,6
2054,92,6
2055,92,6
2056,92,6
2057,92,6
2058,92,6
2059,90,6
2060,90,6
2061,92,6
2062,95,7
2063,95,7
2064,95,7
2065,95,7
2066,80,8
2067,80,8
2068,80,8
2069,80,8
2070,80,8
2071,80,8
2072,80,8
2073,80,8
2074,80,8
2075,80,8
2076,80,8
2077,80,8
2078,80,8
2079,67,7
2080,98,8
2081,98,8
2082,92,7
2083,93,7
2084,93,7
2085,93,7
2086,99,7
2087,99,7
2088,100,7
2089,100,7
2090,100,7
2091,100,7
2092,100,7
2093,100,7
2094,100,7
2095,100,7
2096,100,7
2097,100,7
2098,100,7
2099,93,6
2100,81,5
2101,81,5
2102,81,5
2103,81,5
2104,74,4
2105,94,4
2106,94,4
2107,91,4
2108,78,3
2109,78,3
2110,78,3
2111,78,3
2112,78,3
2113,78,3
2114,78,3
2115,78,3
2116,78,3
2117,78,3
2118,78,3
2119,78,3
2120,78,3
2121,78,3
2122,78,3
2123,78,3
2124,90,4
2125,90,4
2126,82,3
2127,82,3
2128,91,4
2129,91,4
2130,91,4
2131,91,4
2132,91,4
2133,91,4
2134,91,4
2135,91,4
2136,91,4
2137,91,4
2138,91,4
2139,91,4
2140,91,4
2141,91,4
2142,91,4
2143,91,4
2144,100,5
2145,100,5
2146,100,5
2147,83,6
2148,83,6
2149,83,6
2150,96,7
2151,96,7
2152,96,7
2153,96,7
2154,96,7
2155,96,7
2156,96,7
2157,96,7
2158,96,7
2159,96,7
2160,96,7
2161,96,7
2162,96,7
2163,100,8
2164,84,6
2165,84,6
2166,72,5
2167,72,5
2168,72,5
2169,78,6
2170,78,6
2171,96,6
2172,96,6
2173,96,6
2174,96,6
2175,96,6
2176,96,6
2177,96,6
2178,96,6
2179,96,6
2180,96,6
2181,96,6
2182,97,6
2183,97,6
2184,91,5
2185,91,5
2186,91,5
2187,91,5
2188,85,4
2189,85,4
2190,85,4
2191,85,4
2192,85,4
2193,80,3
2194,80,3
2195,80,3
2196,80,3
2197,80,3
2198,80,3
2199,80,3
2200,80,3
2201,80,3
2202,70,2
2203,70,2
2204,70,2
2205,70,2
2206,70,2
2207,70,2
2208,70,2
2209,70,2
2210,70,2
2211,70,2
2212,100,6
2213,100,6
2214,100,6
2215,100,6
2216,100,6
2217,100,6
2218,100,6
2219,73,6
2220,73,6
2221,73,6
2222,73,6
2223,73,6
2224,73,6
2225,73,6
2226,73,6
2227,73,6
2228,73,6
2229,73,6
2230,99,6
2231,96,6
2232,90,5
2233,90,5
2234,90,5
2235,76,6
2236,76,6
2237,76,6
2238,76,6
2239,68,5
2240,68,5
2241,68,5
2242,68,5
2243,68,5
2244,68,5
2245,68,5
2246,68,5
2247,68,5
2248,68,5
2249,97,5
2250,97,5
2251,97,5
2252,96,5
2253,96,5
2254,97,5
2255,97,5
2256,97,5
2257,96,6
2258,96,6
2259,96,6
2260,96,6
2261,96,6
2262,96,6
2263,96,6
2264,96,6
2265,96,6
2266,96,6
2267,96,6
2268,96,6
2269,96,6
2270,96,6
2271,96,6
2272,91,5
2273,83,4
2274,83,4
2275,76,3
2276,76,3
2277,70,2
2278,70,2
2279,70,2
2280,70,2
2281,70,2
2282,70,2
2283,70,2
2284,70,2
2285,70,2
2286,70,2
2287,70,2
2288,70,2
2289,70,2
2290,70,2
2291,70,2
2292,70,2
2293,70,2
2294,70,2
2295,70,2
2296,70,2
2297,70,2
2298,70,2
2299,70,2
2300,70,2
2301,70,2
2302,70,2
2303,70,2
2304,70,2
2305,70,2
2306,70,2
2307,70,2
2308,70,2
2309,70,2
2310,70,2
2311,70,2
2312,70,2
2313,70,2
2314,70,2
2315,92,5
2316,92,5
2317,92,5
2318,92,5
2319,92,5
2320,92,5
2321,92,5
2322,92,5
2323,92,5
2324,92,5
2325,92,5
2326,97,6
2327,97,6
2328,97,6
2329,97,6
2330,97,6
2331,97,6
2332,91,5
2333,95,5
2334,91,7
2335,91,7
2336,91,7
2337,91,7
2338,91,7
2339,91,7
2340,91,7
2341,91,7
2342,91,7
2343,91,7
2344,91,7
2345,98,7
2346,98,7
2347,98,7
2348,98,7
2349,98,7
2350,98,7
2351,98,7
2352,98,7
2353,99,7
2354,94,7
2355,89,7
2356,97,7
2357,97,7
2358,97,7
2359,97,7
2360,97,7
2361,97,7
2362,97,7
2363,97,7
2364,93,7
2365,93,7
2366,93,7
2367,93,7
2368,93,7
2369,93,7
2370,93,7
2371,93,7
2372,73,7
2373,97,7
2374,98,8
2375,98,8
2376,98,8
2377,98,8
2378,98,8
2379,98,8
2380,98,8
2381,98,8
2382,98,8
2383,98,8
2384,98,8
2385,90,7
2386,90,7
2387,90,7
2388,90,7
2389,90,7
2390,90,7
2391,73,5
2392,96,5
2393,100,7
2394,89,6
2395,94,6
2396,94,6
2397,94,6
2398,94,6
2399,94,6
2400,94,6
2401,94,6
2402,94,6
2403,94,6
2404,94,6
2405,94,6
2406,94,6
2407,94,6
2408,94,6
2409,94,6
2410,94,6
2411,94,6
2412,83,5
2413,71,4
2414,85,4
2415,85,4
2416,85,4
2417,94,5
2418,94,5
2419,94,5
2420,94,5
2421,94,5
2422,94,5
2423,94,5
2424,94,5
2425,94,5
2426,94,5
2427,94,5
2428,94,5
2429,94,5
2430,94,5
2431,94,5
2432,94,5
2433,87,4
2434,87,4
2435,79,3
2436,79,3
2437,89,4
2438,89,4
2439,89,4
2440,89,4
2441,89,4
2442,89,4
2443,89,4
2444,89,4
2445,89,4
2446,89,4
2447,89,4
2448,89,4
2449,89,4
2450,89,4
2451,89,4
2452,89,4
2453,89,4
2454,89,4
2455,89,4
2456,79,3
2457,79,3
2458,70,2
2459,70,2
2460,70,2
2461,70,2
2462,70,2
2463,70,2
2464,70,2
2465,70,2
2466,70,2
2467,70,2
2468,70,2
2469,70,2
2470,70,2
2471,70,2
2472,70,2
2473,70,2
2474,70,2
2475,70,2
2476,70,2
2477,70,2
2478,70,2
2479,70,2
2480,70,2
2481,70,2
2482,70,2
2483,96,5
2484,96,5
2485,96,5
2486,96,5
2487,96,5
2488,96,5
2489,96,5
2490,96,5
2491,96,5
2492,96,5
2493,96,5
2494,96,5
2495,96,5
2496,96,5
2497,96,5
2498,96,5
2499,96,5
2500,96,5
2501,96,5
2502,96,5
2503,70,2
2504,70,2
2505,70,2
2506,70,2
2507,96,4
2508,96,4
2509,78,5
2510,78,5
2511,78,5
2512,78,5
2513,78,5
2514,78,5
2515,78,5
2516,78,5
2517,78,5
2518,78,5
2519,78,5
2520,78,5
2521,78,5
2522,78,5
2523,78,5
2524,78,5
2525,78,5
2526,87,3
2527,100,7
2528,100,7
2529,100,7
2530,100,7
2531,100,7
2532,100,7
2533,100,7
2534,100,7
2535,100,7
2536,100,7
2537,100,7
2538,100,7
2539,100,7
2540,100,7
2541,100,7
2542,100,7
2543,100,7
2544,100,7
2545,100,7
2546,82,5
2547,97,4
2548,97,4
2549,97,4
2550,85,3
2551,85,3
2552,94,4
2553,94,4
2554,94,4
2555,94,4
2556,94,4
2557,94,4
2558,94,4
2559,94,4
2560,94,4
2561,94,4
2562,94,4
2563,94,4
2564,94,4
2565,94,4
2566,94,4
2567,94,4
2568,94,4
2569,94,4
2570,94,4
2571,99,4
2572,99,4
2573,99,4
2574,99,4
2575,99,4
2576,99,4
2577,99,4
2578,99,4
2579,99,4
2580,99,4
2581,99,4
2582,99,4
2583,99,4
2584,99,4
2585,96,4
2586,96,4
2587,96,4
2588,74,4
2589,74,4
2590,74,4
2591,100,5
2592,100,5
2593,100,5
2594,100,5
2595,100,5
2596,77,5
2597,77,5
2598,77,5
2599,77,5
2600,77,5
2601,77,5
2602,77,5
2603,77,5
2604,77,5
2605,77,5
2606,100,5
2607,100,5
2608,96,5
2609,96,5
2610,96,5
2611,96,5
2612,100,5
2613,100,5
2614,100,5
2615,100,5
2616,99,8
2617,99,8
2618,99,8
2619,99,8
2620,99,8
2621,99,8
2622,99,8
2623,99,8
2624,99,8
2625,99,8
2626,99,8
2627,90,7
2628,90,7
2629,90,7
2630,90,7
2631,78,8
2632,69,7
2633,69,7
2634,97,7
2635,100,7
2636,100,7
2637,78,5
2638,72,4
2639,72,4
2640,72,4
2641,72,4
2642,72,4
2643,72,4
2644,72,4
2645,72,4
2646,72,4
2647,72,4
2648,72,4
2649,95,4
2650,84,3
2651,84,3
2652,84,3
2653,84,3
2654,84,3
2655,70,2
2656,70,2
2657,70,2
2658,70,2
2659,70,2
2660,70,2
2661,70,2
2662,70,2
2663,70,2
2664,70,2
2665,70,2
2666,70,2
2667,70,2
2668,70,2
2669,76,3
2670,76,3
2671,76,3
2672,90,4
2673,90,4
2674,90,4
2675,90,4
2676,90,4
2677,90,4
2678,90,4
2679,90,4
2680,90,4
2681,90,4
2682,90,4
2683,90,4
2684,90,4
2685,90,4
2686,90,4
2687,90,4
2688,90,4
2689,90,4
2690,90,4
2691,98,4
2692,100,5
2693,100,5
2694,99,8
2695,99,8
2696,99,8
2697,99,8
2698,99,8
2699,99,8
2700,99,8
2701,99,8
2702,99,8
2703,99,8
2704,99,8
2705,99,8
2706,99,8
2707,99,8
2708,99,8
2709,99,8
2710,80,6
2711,69,5
2712,84,4
2713,89,4
2714,82,3
2715,82,3
2716,82,3
2717,82,3
2718,82,3
2719,82,3
2720,82,3
2721,82,3
2722,82,3
2723,82,3
2724,82,3
2725,82,3
2726,82,3
2727,82,3
2728,82,3
2729,82,3
2730,82,3
2731,70,2
2732,70,2
2733,70,2
2734,84,3
2735,99,4
2736,99,4
2737,99,4
2738,99,4
2739,99,4
2740,99,4
2741,99,4
2742,99,4
2743,99,4
2744,99,4
2745,99,4
2746,99,4
2747,99,4
2748,99,4
2749,99,4
2750,99,4
2751,99,4
2752,99,4
2753,99,4
2754,85,3
2755,84,5
2756,69,4
2757,69,4
2758,69,4
2759,69,4
2760,69,4
2761,69,4
2762,69,4
2763,69,4
2764,69,4
2765,69,4
2766,69,4
2767,69,4
2768,69,4
2769,69,4
2770,69,4
2771,69,4
2772,69,4
2773,95,4
2774,91,4
2775,91,4
2776,91,4
2777,81,3
2778,81,3
2779,81,3
2780,81,3
2781,81,3
2782,81,3
2783,81,3
2784,81,3
2785,81,3
2786,81,3
2787,81,3
2788,81,3
2789,81,3
2790,81,3
2791,81,3
2792,81,3
2793,70,2
2794,70,2
2795,70,2
2796,84,3
2797,84,3
2798,84,3
2799,84,3
2800,90,4
2801,90,4
2802,90,4
2803,90,4
2804,90,4
2805,90,4
2806,90,4
2807,90,4
2808,90,4
2809,90,4
2810,90,4
2811,90,4
2812,90,4
2813,90,4
2814,90,4
2815,88,4
2816,88,4
2817,79,5
2818,79,5
2819,79,5
2820,79,5
2821,73,4
2822,73,4
2823,73,4
2824,100,7
2825,100,7
2826,100,7
2827,100,7
2828,100,7
2829,100,7
2830,100,7
2831,100,7
2832,100,7
2833,100,7
2834,99,7
2835,99,7
2836,99,7
2837,96,7
2838,96,7
2839,100,8
2840,100,8
2841,100,8
2842,100,8
2843,100,8
2844,91,7
2845,86,6
2846,73,5
2847,73,5
2848,73,5
2849,80,6
2850,80,6
2851,80,6
2852,69,5
2853,69,5
2854,69,5
2855,69,5
2856,69,5
2857,95,5
2858,95,5
2859,83,4
2860,83,4
2861,83,4
2862,83,4
2863,83,4
2864,83,4
2865,83,4
2866,83,4
2867,83,4
2868,83,4
2869,99,5
2870,99,5
2871,99,5
2872,99,5
2873,99,5
2874,99,5
2875,99,5
2876,99,5
2877,88,7
2878,97,7
2879,97,7
2880,97,7
2881,97,7
2882,97,7
2883,97,7
2884,97,7
2885,97,7
2886,97,7
2887,89,6
2888,89,6
2889,74,5
2890,74,5
2891,74,5
2892,74,5
2893,74,5
2894,74,5
2895,98,5
2896,98,5
2897,92,5
2898,92,5
2899,92,5
2900,92,5
2901,92,5
2902,92,5
2903,92,5
2904,92,5
2905,92,5
2906,92,5
2907,92,5
2908,92,5
2909,92,5
2910,69,5
2911,69,5
2912,69,5
2913,69,5
2914,88,6
2915,88,6
2916,96,6
2917,99,6
2918,99,6
2919,99,6
2920,99,6
2921,99,6
2922,99,6
2923,99,6
2924,99,6
2925,99,6
2926,99,6
2927,99,6
2928,99,6
2929,99,6
2930,99,6
2931,93,6
2932,93,6
2933,93,6
2934,79,5
2935,66,4
2936,96,5
2937,96,5
2938,96,5
2939,85,4
2940,85,4
2941,85,4
2942,85,4
2943,85,4
2944,85,4
2945,85,4
2946,85,4
2947,85,4
2948,85,4
2949,85,4
2950,85,4
2951,85,4
2952,79,3
2953,79,3
2954,79,3
2955,79,3
2956,87,4
2957,87,4
2958,87,4
2959,87,4
2960,87,4
2961,87,4
2962,87,4
2963,87,4
2964,87,4
2965,87,4
2966,87,4
2967,87,4
2968,87,4
2969,87,4
2970,87,4
2971,87,4
2972,87,4
2973,87,4
2974,98,5
2975,98,5
2976,97,5
2977,97,5
2978,97,5
2979,97,5
2980,97,5
2981,97,5
2982,97,5
2983,97,5
2984,97,5
2985,97,5
2986,97,5
2987,97,5
2988,97,5
2989,97,5
2990,97,5
2991,97,5
2992,100,5
2993,100,5
2994,100,5
2995,90,5
2996,91,7
2997,100,7
2998,100,7
2999,100,7
3000,100,7
3001,100,7
3002,100,7
3003,100,7
3004,100,7
3005,100,7
3006,100,7
3007,100,7
3008,100,7
3009,100,7
3010,100,7
3011,100,7
3012,100,7
3013,91,6
3014,91,6
3015,100,7
3016,93,7
3017,94,8
3018,94,8
3019,94,8
3020,94,8
3021,94,8
3022,94,8
3023,94,8
3024,94,8
3025,94,8
3026,94,8
3027,94,8
3028,94,8
3029,94,8
3030,94,8
3031,94,8
3032,94,8
3033,87,7
3034,87,7
3035,90,7
3036,72,5
3037,78,3
3038,78,3
3039,78,3
3040,78,3
3041,78,3
3042,78,3
3043,78,3
3044,78,3
3045,78,3
3046,78,3
3047,78,3
3048,78,3
3049,78,3
3050,78,3
3051,78,3
3052,78,3
3053,70,2
3054,70,2
3055,70,2
3056,70,2
3057,99,4
3058,99,4
3059,99,4
3060,99,4
3061,99,4
3062,99,4
3063,99,4
3064,99,4
3065,99,4
3066,99,4
3067,99,4
3068,99,4
3069,99,4
3070,99,4
3071,99,4
3072,99,4
3073,99,4
3074,99,4
3075,99,4
3076,90,4
3077,90,4
3078,100,5
3079,100,5
3080,70,5
3081,70,5
3082,70,5
3083,70,5
3084,70,5
3085,90,7
3086,90,7
3087,90,7
3088,90,7
3089,90,7
3090,90,7
3091,90,7
3092,90,7
3093,90,7
3094,90,7
3095,85,6
3096,85,6
3097,72,5
3098,72,5
3099,95,5
3100,98,5
3101,98,5
3102,98,5
3103,98,5
3104,98,5
3105,98,7
3106,98,7
3107,98,7
3108,98,7
3109,98,7
3110,98,7
3111,98,7
3112,98,7
3113,98,7
3114,98,7
3115,98,7
3116,98,7
3117,98,7
3118,90,6
3119,90,6
3120,90,6
3121,90,6
3122,90,6
3123,79,5
3124,93,4
3125,97,4
3126,96,4
3127,96,4
3128,96,4
3129,96,4
3130,96,4
3131,96,4
3132,96,4
3133,96,4
3134,96,4
3135,96,4
3136,96,4
3137,96,4
3138,96,4
3139,96,4
3140,96,4
3141,73,4
3142,96,6
3143,96,6
3144,96,6
3145,88,6
3146,88,6
3147,75,5
3148,75,5
3149,75,5
3150,75,5
3151,75,5
3152,75,5
3153,75,5
3154,75,5
3155,75,5
3156,75,5
3157,75,5
3158,75,5
3159,98,5
3160,75,3
3161,75,3
3162,75,3
3163,75,3
3164,75,3
3165,75,3
3166,70,2
3167,70,2
3168,70,2
3169,70,2
3170,70,2
3171,70,2
3172,70,2
3173,70,2
3174,70,2
3175,70,2
3176,70,2
3177,70,2
3178,70,2
3179,70,2
3180,70,2
3181,70,2
3182,82,3
3183,82,3
3184,82,3
3185,82,3
3186,82,3
3187,82,3
3188,100,5
3189,100,5
3190,100,5
3191,100,5
3192,100,5
3193,100,5
3194,100,5
3195,100,5
3196,100,5
3197,100,5
3198,100,5
3199,100,5
3200,100,5
3201,88,4
3202,88,4
3203,88,4
3204,88,4
3205,88,4
3206,88,3
3207,78,5
3208,78,5
3209,70,4
3210,95,4
3211,95,4
3212,95,4
3213,95,4
3214,95,4
3215,95,4
3216,95,4
3217,95,4
3218,95,4
3219,95,4
3220,95,4
3221,95,4
3222,95,4
3223,95,4
3224,95,4
3225,95,4
3226,93,4
3227,93,4
3228,93,4
3229,93,4
3230,75,5
3231,75,5
3232,75,5
3233,75,5
3234,75,5
3235,75,5
3236,75,5
3237,75,5
3238,75,5
3239,75,5
3240,75,5
3241,75,5
3242,75,5
3243,75,5
3244,97,5
3245,97,5
3246,99,8
3247,99,8
3248,92,7
3249,92,7
3250,82,6
3251,82,6
3252,82,6
3253,82,6
3254,82,6
3255,82,6
3256,82,6
3257,82,6
3258,82,6
3259,82,6
3260,82,6
3261,82,6
3262,82,6
3263,82,6
3264,72,5
3265,98,5
3266,98,5
3267,90,4
3268,98,5
3269,98,5
3270,98,5
3271,98,5
3272,98,5
3273,98,5
3274,98,5
3275,98,5
3276,98,5
3277,98,5
3278,98,5
3279,98,5
3280,98,5
3281,98,5
3282,98,5
3283,98,5
3284,93,4
3285,93,4
3286,93,4
3287,84,3
3288,84,3
3289,70,2
3290,70,2
3291,70,2
3292,70,2
3293,70,2
3294,70,2
3295,70,2
3296,70,2
3297,70,2
3298,70,2
3299,70,2
3300,70,2
3301,70,2
3302,70,2
3303,70,2
3304,70,2
3305,70,2
3306,70,2
3307,70,2
3308,70,2
3309,70,2
3310,70,2
3311,70,2
3312,70,2
3313,70,2
3314,83,4
3315,83,4
3316,83,4
3317,90,5
3318,90,5
3319,90,5
3320,90,5
3321,90,5
3322,90,5
3323,90,5
3324,90,5
3325,90,5
3326,90,5
3327,90,5
3328,90,5
3329,90,5
3330,90,5
3331,90,5
3332,90,5
3333,98,5
3334,99,5
3335,99,5
3336,89,7
3337,82,6
3338,82,6
3339,95,7
3340,95,7
3341,95,7
3342,95,7
3343,95,7
3344,95,7
3345,95,7
3346,95,7
3347,95,7
3348,95,7
3349,95,7
3350,95,7
3351,95,7
3352,95,7
3353,96,8
3354,89,7
3355,97,7
3356,95,7
3357,95,7
3358,95,7
3359,95,7
3360,82,6
3361,82,6
3362,88,7
3363,88,7
3364,88,7
3365,88,7
3366,88,7
3367,88,7
3368,88,7
3369,88,7
3370,88,7
3371,88,7
3372,97,8
3373,97,8
3374,92,7
3375,92,7
3376,93,7
3377,93,7
3378,88,6
3379,88,6
3380,88,6
3381,88,6
3382,88,6
3383,97,6
3384,97,6
3385,97,6
3386,97,6
3387,97,6
3388,97,6
3389,97,6
3390,97,6
3391,84,5
3392,77,4
3393,77,4
3394,77,4
3395,99,4
3396,85,3
3397,85,3
3398,85,3
3399,85,3
3400,85,3
3401,70,2
3402,70,2
3403,70,2
3404,70,2
3405,70,2
3406,70,2
3407,70,2
3408,79,3
3409,79,3
3410,79,3
3411,79,3
3412,79,3
3413,79,3
3414,79,3
3415,79,3
3416,98,5
3417,98,5
3418,98,5
3419,98,5
3420,98,5
3421,98,5
3422,98,5
3423,98,5
3424,98,5
3425,98,5
3426,98,5
3427,98,5
3428,99,5
3429,99,5
3430,99,5
3431,70,5
3432,70,5
3433,70,5
3434,70,5
3435,70,5
3436,100,5
3437,86,4
3438,86,4
3439,98,5
3440,98,5
3441,98,5
3442,98,5
3443,98,5
3444,98,5
3445,98,5
3446,98,5
3447,98,5
3448,98,5
3449,98,5
3450,95,4
3451,95,4
3452,95,4
3453,95,4
3454,95,4
3455,95,4
3456,95,4
3457,91,7
3458,66,7
3459,66,7
3460,89,7
3461,89,7
3462,89,7
3463,89,7
3464,89,7
3465,89,7
3466,89,7
3467,89,7
3468,89,7
3469,89,7
3470,89,7
3471,76,6
3472,76,6
3473,76,6
3474,76,6
3475,70,5
3476,100,5
3477,95,4
3478,84,3
3479,84,3
3480,84,3
3481,84,3
3482,84,3
3483,84,3
3484,92,4
3485,92,4
3486,92,4
3487,92,4
3488,92,4
3489,92,4
3490,92,4
3491,92,4
3492,92,4
3493,92,4
3494,92,4
3495,92,4
3496,72,4
3497,72,4
3498,93,4
3499,93,4
3500,93,4
3501,93,4
3502,93,4
3503,93,4
3504,93,4
3505,85,3
3506,85,3
3507,85,3
3508,85,3
3509,85,3
3510,85,3
3511,85,3
3512,85,3
3513,85,3
3514,85,3
3515,85,3
3516,85,3
3517,85,3
3518,70,2
3519,84,3
3520,84,3
3521,84,3
3522,84,3
3523,84,3
3524,84,3
3525,84,3
3526,84,3
3527,84,3
3528,84,3
3529,84,3
3530,84,3
3531,84,3
3532,84,3
3533,84,3
3534,84,3
3535,84,3
3536,84,3
3537,84,3
3538,84,3
3539,70,2
3540,70,2
3541,92,4
3542,92,4
3543,92,4
3544,99,7
3545,99,7
3546,99,7
3547,99,7
3548,99,7
3549,99,7
3550,99,7
3551,99,7
3552,99,7
3553,99,7
3554,99,7
3555,99,7
3556,99,7
3557,99,7
3558,99,7
3559,86,6
3560,77,5
3561,77,5
3562,77,5
3563,77,5
3564,94,4
3565,94,4
3566,94,4
3567,94,4
3568,94,4
3569,94,4
3570,94,4
3571,94,4
3572,94,4
3573,94,4
3574,94,4
3575,94,4
3576,94,4
3577,94,4
3578,94,4
3579,94,4
3580,94,4
3581,94,4
3582,94,4
3583,99,5
3584,99,5
3585,79,5
3586,79,5
3587,79,5
3588,79,5
3589,99,7
3590,99,7
3591,99,7
3592,99,7
3593,99,7
3594,99,7
3595,99,7
3596,99,7
3597,99,7
3598,99,7
3599,99,7
3600,99,7
3601,93,6
3602,93,6
3603,93,6
3604,90,4
3605,90,4
3606,78,3
3607,78,3
3608,78,3
3609,70,2
3610,85,3
3611,85,3
3612,85,3
3613,85,3
3614,85,3
3615,85,3
3616,85,3
3617,85,3
3618,85,3
3619,85,3
3620,85,3
3621,85,3
3622,85,3
3623,85,3
3624,85,3
3625,85,3
3626,100,4
3627,100,4
3628,100,4
3629,89,5
3630,89,5
3631,74,4
3632,74,4
3633,74,4
3634,74,4
3635,74,4
3636,74,4
3637,74,4
3638,74,4
3639,74,4
3640,74,4
3641,74,4
3642,74,4
3643,74,4
3644,74,4
3645,94,4
3646,94,4
3647,94,4
3648,96,4
3649,96,4
3650,96,6
3651,96,6
3652,96,6
3653,96,6
3654,96,6
3655,96,6
3656,96,6
3657,96,6
3658,96,6
3659,96,6
3660,96,6
3661,96,6
3662,96,6
3663,96,6
3664,96,6
3665,67,6
3666,67,6
3667,94,6
3668,96,7
3669,91,7
3670,100,8
3671,100,8
3672,100,8
3673,100,8
3674,100,8
3675,100,8
3676,100,8
3677,100,8
3678,100,8
3679,100,8
3680,100,8
3681,100,8
3682,100,8
3683,94,7
3684,94,7
3685,94,7
3686,94,7
3687,89,6
3688,89,6
3689,99,7
3690,74,5
3691,74,5
3692,74,5
3693,74,5
3694,74,5
3695,74,5
3696,74,5
3697,74,5
3698,74,5
3699,74,5
3700,74,5
3701,74,5
3702,74,5
3703,74,5
3704,74,5
3705,74,5
3706,74,5
3707,89,4
3708,80,3
3709,70,2
3710,70,2
3711,70,2
3712,70,2
3713,70,2
3714,70,2
3715,70,2
3716,70,2
3717,70,2
3718,70,2
3719,70,2
3720,70,2
3721,70,2
3722,70,2
3723,70,2
3724,70,2
3725,70,2
3726,70,2
3727,70,2
3728,70,2
3729,70,2
3730,70,2
3731,70,2
3732,70,2
3733,70,2
3734,70,2
3735,70,2
3736,70,2
3737,70,2
3738,70,2
3739,82,4
3740,82,4
3741,82,4
3742,82,4
3743,82,4
3744,82,4
3745,82,4
3746,82,4
3747,82,4
3748,82,4
3749,82,4
3750,82,4
3751,82,4
3752,82,4
3753,90,5
3754,90,5
3755,90,5
3756,90,5
3757,90,5
3758,85,4
3759,83,4
3760,83,4
3761,83,4
3762,83,4
3763,83,4
3764,83,4
3765,83,4
3766,83,4
3767,83,4
3768,83,4
3769,83,4
3770,83,4
3771,75,3
3772,75,3
3773,87,4
3774,87,4
3775,87,4
3776,87,4
3777,87,4
3778,87,4
3779,87,4
3780,82,3
3781,82,3
3782,82,3
3783,88,4
3784,88,4
3785,88,4
3786,88,4
3787,88,4
3788,88,4
3789,88,4
3790,88,4
3791,88,4
3792,76,3
3793,76,3
3794,76,3
3795,76,3
3796,76,3
3797,85,4
3798,85,4
3799,85,4
3800,85,4
3801,85,4
3802,79,3
3803,79,3
3804,91,4
3805,91,4
3806,91,4
3807,91,4
3808,91,4
3809,91,4
3810,91,4
3811,91,4
3812,91,4
3813,91,4
3814,91,4
3815,91,4
3816,91,4
3817,91,4
3818,82,3
3819,82,3
3820,82,3
3821,82,3
3822,82,3
3823,82,3
3824,82,3
3825,84,3
3826,84,3
3827,84,3
3828,84,3
3829,84,3
3830,84,3
3831,84,3
3832,84,3
3833,84,3
3834,84,3
3835,84,3
3836,84,3
3837,84,3
3838,84,3
3839,84,3
3840,84,3
3841,84,3
3842,84,3
3843,84,3
3844,82,3
3845,82,3
3846,82,3
3847,82,3
3848,82,3
3849,82,3
3850,82,3
3851,82,3
3852,82,3
3853,82,3
3854,82,3
3855,82,3
3856,82,3
3857,82,3
3858,82,3
3859,82,3
3860,82,3
3861,82,3
3862,82,3
3863,82,3
3864,78,3
3865,78,3
3866,78,3
3867,94,5
3868,94,5
3869,94,5
3870,94,5
3871,94,5
3872,94,5
3873,94,5
3874,94,5
3875,94,5
3876,94,5
3877,94,5
3878,94,5
3879,94,5
3880,94,5
3881,94,5
3882,94,5
3883,94,5
3884,94,5
3885,94,5
3886,93,4
3887,81,5
3888,100,7
3889,100,7
3890,100,7
3891,100,7
3892,100,7
3893,100,7
3894,100,7
3895,100,7
3896,100,7
3897,100,7
3898,100,7
3899,100,7
3900,100,7
3901,100,7
3902,100,7
3903,100,7
3904,100,7
3905,100,7
3906,79,5
3907,79,5
3908,92,4
3909,92,4
3910,84,3
3911,84,3
3912,84,3
3913,84,3
3914,84,3
3915,84,3
3916,84,3
3917,84,3
3918,84,3
3919,84,3
3920,84,3
3921,84,3
3922,84,3
3923,84,3
3924,84,3
3925,100,5
3926,99,7
3927,99,7
3928,99,7
3929,99,7
3930,99,7
3931,99,7
3932,99,7
3933,99,7
3934,99,7
3935,99,7
3936,99,7
3937,99,7
3938,99,7
3939,99,7
3940,99,7
3941,99,7
3942,99,7
3943,99,7
3944,91,6
3945,91,6
3946,79,5
3947,79,5
3948,79,5
3949,93,6
3950,93,6
3951,93,6
3952,93,6
3953,93,6
3954,93,6
3955,93,6
3956,93,6
3957,93,6
3958,93,6
3959,93,6
3960,93,6
3961,93,6
3962,80,5
3963,80,5
3964,69,4
3965,93,4
3966,93,4
3967,84,3
3968,70,2
3969,70,2
3970,97,4
3971,97,4
3972,97,4
3973,97,4
3974,97,4
3975,97,4
3976,97,4
3977,97,4
3978,97,4
3979,97,4
3980,97,4
3981,97,4
3982,97,4
3983,97,4
3984,97,4
3985,86,5
3986,86,5
3987,86,5
3988,86,5
3989,74,4
3990,74,4
3991,71,5
3992,71,5
3993,71,5
3994,71,5
3995,71,5
3996,71,5
3997,71,5
3998,71,5
3999,71,5
4000,71,5
4001,71,5
4002,71,5
4003,71,5
4004,71,5
4005,82,4
4006,82,4
4007,82,4
4008,82,4
4009,77,3
4010,77,3
4011,77,3
4012,77,3
4013,70,2
4014,70,2
4015,70,2
4016,98,5
4017,98,5
4018,98,5
4019,98,5
4020,98,5
4021,98,5
4022,98,5
4023,98,5
4024,98,5
4025,98,5
4026,98,5
4027,100,7
4028,100,7
4029,100,7
4030,100,7
4031,100,7
4032,100,7
4033,100,7
4034,100,7
4035,78,5
4036,78,5
4037,72,4
4038,82,5
4039,82,5
4040,82,5
4041,82,5
4042,82,5
4043,82,5
4044,82,5
4045,82,5
4046,82,5
4047,95,5
4048,98,5
4049,98,5
4050,98,5
4051,98,5
4052,98,5
4053,98,5
4054,98,5
4055,98,5
4056,98,5
4057,98,5
4058,94,5
4059,94,5
4060,94,5
4061,94,5
4062,91,7
4063,91,7
4064,91,7
4065,91,7
4066,91,7
4067,91,7
4068,93,7
4069,88,6
4070,88,6
4071,88,6
4072,88,6
4073,79,7
4074,79,7
4075,79,7
4076,73,6
4077,73,6
4078,73,6
4079,73,6
4080,95,6
4081,95,6
4082,84,5
4083,84,5
4084,84,5
4085,84,5
4086,84,5
4087,84,5
4088,69,4
4089,69,4
4090,69,4
4091,69,4
4092,69,4
4093,98,5
4094,93,5
4095,93,5
4096,93,5
4097,93,5
4098,93,5
4099,93,5
4100,97,5
4101,97,5
4102,97,5
4103,97,5
4104,97,5
4105,97,5
4106,97,5
4107,97,5
4108,97,5
4109,97,5
4110,97,5
4111,97,5
4112,92,4
4113,85,5
4114,75,4
4115,75,4
4116,75,4
4117,75,4
4118,75,4
4119,75,4
4120,75,4
4121,98,4
4122,98,4
4123,98,4
4124,98,4
4125,98,4
4126,98,4
4127,98,4
4128,98,4
4129,98,4
4130,98,4
4131,94,4
4132,94,4
4133,94,4
4134,88,4
4135,88,4
4136,88,4
4137,88,4
4138,88,4
4139,88,4
4140,88,4
4141,88,4
4142,88,4
4143,88,4
4144,88,4
4145,77,5
4146,77,5
4147,77,5
4148,77,5
4149,91,6
4150,91,6
4151,80,5
4152,80,5
4153,80,5
4154,80,5
4155,73,4
4156,73,4
4157,73,4
4158,73,4
4159,73,4
4160,73,4
4161,73,4
4162,73,4
4163,73,4
4164,98,5
4165,100,6
4166,100,6
4167,100,6
4168,100,6
4169,91,6
4170,91,6
4171,91,6
4172,91,6
4173,91,6
4174,91,6
4175,91,6
4176,91,6
4177,91,6
4178,91,6
4179,91,6
4180,91,6
4181,91,6
4182,91,6
4183,100,6
4184,94,5
4185,94,5
4186,98,5
4187,98,5
4188,98,5
4189,98,5
4190,93,4
4191,93,4
4192,93,4
4193,93,4
4194,93,4
4195,100,5
4196,100,5
4197,100,5
4198,100,5
4199,100,5
4200,100,5
4201,93,5
4202,93,5
4203,93,5
4204,93,5
4205,93,5
4206,73,5
4207,73,5
4208,73,5
4209,73,5
4210,73,5
4211,73,5
4212,73,5
4213,66,4
4214,66,4
4215,66,4
4216,66,4
4217,66,4
4218,31,3
4219,31,3
4220,24,2
4221,24,2
4222,24,2
4223,24,2
4224,14,1
